{
    "湖北省": {
        "仙桃": "仙桃市",
        "十堰": "十堰市",
        "咸宁": "咸宁市",
        "天门": "天门市",
        "孝感": "孝感市",
        "宜昌": "宜昌市",
        "武汉": "武汉市",
        "潜江": "潜江市",
        "恩施州": "恩施土家族苗族自治州",
        "神农架林区": "神农架林区",
        "荆州": "荆州市",
        "荆门": "荆门市",
        "襄阳": "襄阳市",
        "鄂州": "鄂州市",
        "随州": "随州市",
        "黄冈": "黄冈市",
        "黄石": "黄石市"
    },
    "浙江省": {
        "丽水": "丽水市",
        "台州": "台州市",
        "嘉兴": "嘉兴市",
        "宁波": "宁波市",
        "杭州": "杭州市",
        "温州": "温州市",
        "湖州": "湖州市",
        "绍兴": "绍兴市",
        "舟山": "舟山市",
        "衢州": "衢州市",
        "金华": "金华市"
    },
    "广东省": {
        "东莞": "东莞市",
        "中山": "中山市",
        "佛山": "佛山市",
        "广州": "广州市",
        "惠州": "惠州市",
        "揭阳": "揭阳市",
        "梅州": "梅州市",
        "汕头": "汕头市",
        "汕尾": "汕尾市",
        "江门": "江门市",
        "河源": "河源市",
        "深圳": "深圳市",
        "清远": "清远市",
        "湛江": "湛江市",
        "珠海": "珠海市",
        "肇庆": "肇庆市",
        "茂名": "茂名市",
        "阳江": "阳江市",
        "韶关": "韶关市"
    },
    "河南省": {
        "三门峡": "三门峡市",
        "信阳": "信阳市",
        "南阳": "南阳市",
        "周口": "周口市",
        "商丘": "商丘市",
        "安阳": "安阳市",
        "平顶山": "平顶山市",
        "开封": "开封市",
        "新乡": "新乡市",
        "永城": "永城市",
        "洛阳": "洛阳市",
        "滑县": "滑县",
        "漯河": "漯河市",
        "濮阳": "濮阳市",
        "焦作": "焦作市",
        "许昌": "许昌市",
        "郑州": "郑州市",
        "长垣县": "长垣县",
        "驻马店": "驻马店市",
        "鹤壁": "鹤壁市"
    },
    "湖南省": {
        "娄底": "娄底市",
        "岳阳": "岳阳市",
        "常德": "常德市",
        "张家界": "张家界市",
        "怀化": "怀化市",
        "株洲": "株洲市",
        "永州": "永州市",
        "湘潭": "湘潭市",
        "湘西自治州": "湘西土家族苗族自治州",
        "益阳": "益阳市",
        "衡阳": "衡阳市",
        "邵阳": "邵阳市",
        "郴州": "郴州市",
        "长沙": "长沙市"
    },
    "江西省": {
        "上饶": "上饶市",
        "九江": "九江市",
        "南昌": "南昌市",
        "吉安": "吉安市",
        "宜春": "宜春市",
        "抚州": "抚州市",
        "新余": "新余市",
        "景德镇": "景德镇市",
        "萍乡": "萍乡市",
        "赣州": "赣州市",
        "鹰潭": "鹰潭市"
    },
    "安徽省": {
        "亳州": "亳州市",
        "六安": "六安市",
        "合肥": "合肥市",
        "安庆": "安庆市",
        "宣城": "宣城市",
        "宿州": "宿州市",
        "宿松": "宿松市",
        "池州": "池州市",
        "淮北": "淮北市",
        "淮南": "淮南市",
        "滁州": "滁州市",
        "芜湖": "芜湖市",
        "蚌埠": "蚌埠市",
        "铜陵": "铜陵市",
        "阜阳": "阜阳市",
        "马鞍山": "马鞍山市",
        "黄山": "黄山市"
    },
    "重庆市": {
        "万州区": "万州区",
        "两江新区": "两江新区",
        "丰都县": "丰都县",
        "九龙坡区": "九龙坡区",
        "云阳县": "云阳县",
        "南岸区": "南岸区",
        "合川区": "合川区",
        "垫江县": "垫江县",
        "城口县": "城口县",
        "大渡口区": "大渡口区",
        "大足区": "大足区",
        "奉节县": "奉节县",
        "巫山县": "巫山县",
        "巫溪县": "巫溪县",
        "巴南区": "巴南区",
        "开州区": "开州区",
        "忠县": "忠县",
        "梁平区": "梁平区",
        "武隆区": "武隆区",
        "永川区": "永川区",
        "江北区": "江北区",
        "江津区": "江津区",
        "涪陵区": "涪陵区",
        "渝中区": "渝中区",
        "渝北区": "渝北区",
        "潼南区": "潼南区",
        "璧山区": "璧山区",
        "石柱县": "石柱县",
        "秀山县": "秀山县",
        "綦江区": "綦江区",
        "荣昌区": "荣昌区",
        "铜梁区": "铜梁区",
        "长寿区": "长寿区",
        "黔江区": "黔江区"
    },
    "山东省": {
        "临沂": "临沂市",
        "威海": "威海市",
        "德州": "德州市",
        "日照": "日照市",
        "枣庄": "枣庄市",
        "泰安": "泰安市",
        "济南": "济南市",
        "济宁": "济宁市",
        "淄博": "淄博市",
        "滨州": "滨州市",
        "潍坊": "潍坊市",
        "烟台": "烟台市",
        "聊城": "聊城市",
        "菏泽": "菏泽市",
        "青岛": "青岛市"
    },
    "四川省": {
        "乐山": "乐山市",
        "内江": "内江市",
        "凉山": "凉山彝族自治州",
        "南充": "南充市",
        "宜宾": "宜宾市",
        "巴中": "巴中市",
        "广元": "广元市",
        "广安": "广安市",
        "德阳": "德阳市",
        "成都": "成都市",
        "攀枝花": "攀枝花市",
        "泸州": "泸州市",
        "甘孜州": "甘孜藏族自治州",
        "眉山": "眉山市",
        "绵阳": "绵阳市",
        "自贡": "自贡市",
        "资阳": "资阳市",
        "达州": "达州市",
        "遂宁": "遂宁市",
        "阿坝州": "阿坝藏族羌族自治州",
        "雅安": "雅安市"
    },
    "江苏省": {
        "南京": "南京市",
        "南通": "南通市",
        "宿迁": "宿迁市",
        "常州": "常州市",
        "徐州": "徐州市",
        "扬州": "扬州市",
        "无锡": "无锡市",
        "泰州": "泰州市",
        "淮安": "淮安市",
        "盐城": "盐城市",
        "苏州": "苏州市",
        "连云港": "连云港市",
        "镇江": "镇江市"
    },
    "上海市": {
        "嘉定": "嘉定区",
        "外地来沪人员": "外地来沪人员",
        "奉贤": "奉贤区",
        "宝山": "宝山区",
        "徐汇": "徐汇区",
        "杨浦": "杨浦区",
        "松江": "松江区",
        "浦东": "浦东区",
        "虹口": "虹口区",
        "金山": "金山区",
        "长宁": "长宁区",
        "闵行": "闵行区",
        "青浦": "青浦区",
        "静安": "静安区",
        "黄浦": "黄浦区"
    },
    "北京市": {
        "东城": "东城区",
        "丰台": "丰台区",
        "外地来京人员": "外地来京人员",
        "大兴": "大兴区",
        "怀柔": "怀柔区",
        "昌平": "昌平区",
        "朝阳": "朝阳区",
        "海淀": "海淀区",
        "石景山": "石景山区",
        "西城": "西城区",
        "通州": "通州区",
        "门头沟": "门头沟区",
        "顺义": "顺义区"
    },
    "广西壮族自治区": {
        "北海": "北海市",
        "南宁": "南宁市",
        "柳州": "柳州市",
        "桂林": "桂林市",
        "梧州": "梧州市",
        "河池": "河池市",
        "玉林": "玉林市",
        "百色": "百色市",
        "贺州": "贺州市",
        "钦州": "钦州市",
        "防城港": "防城港市"
    },
    "福建省": {
        "三明": "三明市",
        "南平": "南平市",
        "厦门": "厦门市",
        "宁德": "宁德市",
        "泉州": "泉州市",
        "漳州": "漳州市",
        "福州": "福州市",
        "莆田": "莆田市",
        "龙岩": "龙岩市"
    },
    "海南省": {
        "万宁": "万宁市",
        "三亚": "三亚市",
        "东方市": "东方市市",
        "临高县": "临高县",
        "儋州": "儋州市",
        "定安": "定安市",
        "昌江": "昌江市",
        "海口": "海口市",
        "澄迈县": "澄迈县",
        "琼中县": "琼中县",
        "琼海市": "琼海市市",
        "陵水县": "陵水县"
    },
    "天津市": {
        "南开区": "南开区",
        "和平区": "和平区",
        "外地来津人员": "外地来津人员",
        "河东区": "河东区",
        "河北区": "河北区",
        "河西区": "河西区",
        "滨海新区": "滨海新区",
        "红桥区": "红桥区",
        "西青区": "西青区",
        "东丽区": "东丽区",
        "津南区": "津南区",
        "北辰区": "北辰区",
        "武清区": "武清区",
        "宝坻区": "宝坻区",
        "宁河区": "宁河区",
        "静海区": "静海区",
        "蓟州区": "蓟州区"
    },
    "陕西省": {
        "咸阳": "咸阳市",
        "商洛": "商洛市",
        "安康": "安康市",
        "宝鸡": "宝鸡市",
        "延安": "延安市",
        "榆林": "榆林市",
        "汉中": "汉中市",
        "渭南": "渭南市",
        "西安": "西安市",
        "铜川": "铜川市",
        "韩城": "韩城市"
    },
    "贵州省": {
        "六盘水": "六盘水市",
        "毕节": "毕节市",
        "贵阳": "贵阳市",
        "遵义": "遵义市",
        "铜仁": "铜仁市",
        "安顺": "安顺市",
        "黔东南州": "黔东南苗族侗族自治州",
        "黔南州": "黔南布依族苗族自治州",
        "黔西南州": "黔西南布依族苗族自治州"
    },
    "辽宁省": {
        "丹东": "丹东市",
        "大连": "大连市",
        "朝阳": "朝阳市",
        "本溪": "本溪市",
        "沈阳": "沈阳市",
        "盘锦": "盘锦市",
        "营口": "营口市",
        "葫芦岛": "葫芦岛市",
        "辽阳": "辽阳市",
        "铁岭": "铁岭市",
        "锦州": "锦州市",
        "鞍山": "鞍山市",
        "阜新": "阜新市",
        "抚顺": "抚顺市"
    },
    "黑龙江省": {
        "七台河": "七台河市",
        "佳木斯": "佳木斯市",
        "双鸭山": "双鸭山市",
        "哈尔滨": "哈尔滨市",
        "大兴安岭": "大兴安岭地区",
        "大庆": "大庆市",
        "牡丹江": "牡丹江市",
        "绥化": "绥化市",
        "鸡西": "鸡西市",
        "鹤岗": "鹤岗市",
        "齐齐哈尔": "齐齐哈尔市",
        "黑河": "黑河市",
        "伊春": "伊春市"
    },
    "新疆维吾尔自治区": {
        "乌鲁木齐": "乌鲁木齐市",
        "伊犁州": "伊犁州市",
        "吐鲁番": "吐鲁番市",
        "第七师": "第七师市",
        "第八师石河子": "石河子市",
        "阿克苏": "阿克苏市"
    },
    "甘肃省": {
        "临夏": "临夏市",
        "兰州": "兰州市",
        "天水": "天水市",
        "定西": "定西市",
        "平凉": "平凉市",
        "张掖": "张掖市",
        "白银": "白银市",
        "金昌": "金昌市",
        "陇南": "陇南市",
        "庆阳": "庆阳市",
        "酒泉": "酒泉市",
        "武威": "武威市",
        "嘉峪关": "嘉峪关市"
    },
    "云南省": {
        "丽江": "丽江市",
        "保山": "保山市",
        "大理": "大理市",
        "德宏": "德宏市",
        "昆明": "昆明市",
        "昭通": "昭通市",
        "普洱": "普洱市",
        "曲靖": "曲靖市",
        "玉溪": "玉溪市",
        "红河": "红河市",
        "临沧": "临沧市",
        "西双版纳": "西双版纳傣族自治州"
    },
    "山西省": {
        "临汾": "临汾市",
        "吕梁": "吕梁市",
        "大同": "大同市",
        "太原": "太原市",
        "晋中": "晋中市",
        "朔州": "朔州市",
        "运城": "运城市",
        "长治": "长治市",
        "阳泉": "阳泉市",
        "晋城": "晋城市",
        "忻州": "忻州市"
    },
    "吉林省": {
        "公主岭": "公主岭市",
        "吉林": "吉林市",
        "四平市": "四平市市",
        "延边": "延边朝鲜族自治州",
        "松原": "松原市",
        "通化": "通化市",
        "长春": "长春市",
        "辽源": "辽源市",
        "白山": "白山市",
        "白城": "白城市"
    },
    "河北省": {
        "保定": "保定市",
        "唐山": "唐山市",
        "廊坊": "廊坊市",
        "张家口": "张家口市",
        "承德": "承德市",
        "沧州": "沧州市",
        "石家庄": "石家庄市",
        "衡水": "衡水市",
        "邢台": "邢台市",
        "邯郸": "邯郸市",
        "秦皇岛": "秦皇岛市"
    },
    "宁夏回族自治区": {
        "中卫": "中卫市",
        "吴忠": "吴忠市",
        "固原": "固原市",
        "宁东管委会": "宁东管委会",
        "银川": "银川市",
        "石嘴山": "石嘴山市"
    },
    "内蒙古自治区": {
        "乌兰察布": "乌兰察布市",
        "兴安盟": "兴安盟",
        "包头": "包头市",
        "呼伦贝尔": "呼伦贝尔市",
        "呼和浩特": "呼和浩特市",
        "巴彦淖尔": "巴彦淖尔市",
        "赤峰": "赤峰市",
        "通辽": "通辽市",
        "鄂尔多斯": "鄂尔多斯市",
        "锡林郭勒盟": "锡林郭勒盟",
        "阿拉善盟": "阿拉善盟",
        "乌海": "乌海市"
    },
    "青海省": {
        "西宁": "西宁市",
        "海东": "海东市 "
    }
}